metric_date,game_id,channel,campaign_id,impressions,clicks,installs,spend_usd,revenue_usd,retention_d1,logins
2026-09-14,demo-game,facebook,cmp_launch,120000,3600,420,1500.00,3100.00,0.415,18400
2026-09-15,demo-game,facebook,cmp_launch,118000,3500,405,1480.00,3050.00,0.420,18100
2026-09-16,demo-game,facebook,cmp_launch,121000,3650,430,1520.00,3150.00,0.410,18600
2026-09-17,demo-game,facebook,cmp_launch,119000,3580,415,1490.00,3080.00,0.422,18300
2026-09-18,demo-game,facebook,cmp_launch,117000,3510,408,1470.00,3020.00,0.418,18200
2026-09-19,demo-game,facebook,cmp_launch,116000,3480,400,1460.00,3000.00,0.412,18000
2026-09-20,demo-game,facebook,cmp_launch,115000,3450,395,1450.00,2980.00,0.405,17900
2026-09-21,demo-game,facebook,cmp_launch,114000,3400,388,1440.00,2950.00,0.290,17100
2026-09-14,demo-game,tiktok,tt_summer,90000,4200,380,900.00,1500.00,0.408,15200
2026-09-15,demo-game,tiktok,tt_summer,91000,4250,390,910.00,1520.00,0.412,15300
2026-09-16,demo-game,tiktok,tt_summer,92000,4300,395,920.00,1540.00,0.415,15400
2026-09-17,demo-game,tiktok,tt_summer,93000,4350,400,930.00,1560.00,0.418,15500
2026-09-18,demo-game,tiktok,tt_summer,94000,4400,405,940.00,1580.00,0.420,15600
2026-09-19,demo-game,tiktok,tt_summer,95000,4450,410,950.00,1600.00,0.422,15700
2026-09-20,demo-game,tiktok,tt_summer,96000,4500,415,960.00,1620.00,0.424,15800
2026-09-21,demo-game,tiktok,tt_summer,97000,4550,420,970.00,1640.00,0.426,15900
2026-09-14,other-game,email,em_winback,40000,800,120,200.00,900.00,0.520,4200
2026-09-15,other-game,email,em_winback,41000,820,125,205.00,920.00,0.522,4250
2026-09-16,other-game,email,em_winback,42000,840,130,210.00,940.00,0.525,4300
2026-09-17,other-game,email,em_winback,43000,860,135,215.00,960.00,0.528,4350
2026-09-18,other-game,email,em_winback,44000,880,140,220.00,980.00,0.530,4400
2026-09-19,other-game,email,em_winback,45000,900,145,225.00,1000.00,0.532,4450
2026-09-20,other-game,email,em_winback,46000,920,150,230.00,1020.00,0.535,4500
2026-09-21,other-game,email,em_winback,47000,940,155,235.00,1040.00,0.538,4550
